{
  "dataset": "GSE146996",
  "n": 65,
  "p": 70523,
  "real": {
    "naive": [
      0.9866666666666667,
      0.02666666666666666
    ],
    "honest": [
      0.9733333333333334,
      0.05333333333333332
    ]
  },
  "null": {
    "naive": [
      0.9866666666666667,
      0.02666666666666666
    ],
    "honest": [
      0.54,
      0.09043106644167026
    ]
  },
  "tabpfn": {
    "auc": 0.984,
    "brier": 0.03904643319335171
  }
}